

-- MySQL dump 10.13  Distrib 8.0.12, for Linux (x86_64)
--
-- Host: localhost    Database: dashforum
-- ------------------------------------------------------
-- Server version	8.0.12

/*!40101 SET @OLD_CHARACTER_SET_CLIENT=@@CHARACTER_SET_CLIENT */;
/*!40101 SET @OLD_CHARACTER_SET_RESULTS=@@CHARACTER_SET_RESULTS */;
/*!40101 SET @OLD_COLLATION_CONNECTION=@@COLLATION_CONNECTION */;
 SET NAMES utf8mb4 ;
/*!40103 SET @OLD_TIME_ZONE=@@TIME_ZONE */;
/*!40103 SET TIME_ZONE='+00:00' */;
/*!40014 SET @OLD_UNIQUE_CHECKS=@@UNIQUE_CHECKS, UNIQUE_CHECKS=0 */;
/*!40014 SET @OLD_FOREIGN_KEY_CHECKS=@@FOREIGN_KEY_CHECKS, FOREIGN_KEY_CHECKS=0 */;
/*!40101 SET @OLD_SQL_MODE=@@SQL_MODE, SQL_MODE='NO_AUTO_VALUE_ON_ZERO' */;
/*!40111 SET @OLD_SQL_NOTES=@@SQL_NOTES, SQL_NOTES=0 */;

--
-- Table structure for table `categoria`
--

DROP TABLE IF EXISTS `categoria`;
/*!40101 SET @saved_cs_client     = @@character_set_client */;
 SET character_set_client = utf8mb4 ;
CREATE TABLE `categoria` (
  `id` bigint(20) NOT NULL AUTO_INCREMENT,
  `nome` varchar(255) DEFAULT NULL,
  PRIMARY KEY (`id`)
) ENGINE=MyISAM AUTO_INCREMENT=8 DEFAULT CHARSET=utf8mb4 COLLATE=utf8mb4_0900_ai_ci;
/*!40101 SET character_set_client = @saved_cs_client */;

--
-- Dumping data for table `categoria`
--

LOCK TABLES `categoria` WRITE;
/*!40000 ALTER TABLE `categoria` DISABLE KEYS */;
INSERT INTO `categoria` VALUES (1,'Programação'),(2,'Mobile'),(3,'Infraestrutura'),(4,'Front-end'),(5,'Design & UX'),(6,'Business'),(7,'');
/*!40000 ALTER TABLE `categoria` ENABLE KEYS */;
UNLOCK TABLES;

--
-- Table structure for table `historico`
--

DROP TABLE IF EXISTS `historico`;
/*!40101 SET @saved_cs_client     = @@character_set_client */;
 SET character_set_client = utf8mb4 ;
CREATE TABLE `historico` (
  `id` bigint(20) NOT NULL AUTO_INCREMENT,
  `data` date DEFAULT NULL,
  `qtd` int(11) NOT NULL,
  `categoria_id` bigint(20) DEFAULT NULL,
  PRIMARY KEY (`id`),
  KEY `FKsexdwfgeiid9pauo6x0wjsxyk` (`categoria_id`)
) ENGINE=MyISAM AUTO_INCREMENT=255 DEFAULT CHARSET=utf8mb4 COLLATE=utf8mb4_0900_ai_ci;
/*!40101 SET character_set_client = @saved_cs_client */;

--
-- Dumping data for table `historico`
--

LOCK TABLES `historico` WRITE;
/*!40000 ALTER TABLE `historico` DISABLE KEYS */;
INSERT INTO `historico` VALUES (1,'2018-09-17',48,1),(2,'2018-09-17',10,2),(3,'2018-09-17',26,3),(4,'2018-09-17',5,4),(5,'2018-09-17',13,5),(6,'2018-09-17',15,6),(7,'2018-09-17',8,7),(8,'2018-09-18',15,1),(9,'2018-09-18',2,2),(10,'2018-09-18',29,3),(11,'2018-09-18',11,4),(12,'2018-09-18',14,5),(13,'2018-09-18',10,6),(14,'2018-09-18',5,7),(15,'2018-09-20',19,1),(16,'2018-09-20',6,2),(17,'2018-09-20',33,3),(18,'2018-09-20',6,4),(19,'2018-09-20',15,5),(20,'2018-09-20',15,6),(21,'2018-09-20',6,7),(22,'2018-09-21',28,1),(23,'2018-09-21',3,2),(24,'2018-09-21',35,3),(25,'2018-09-21',12,4),(26,'2018-09-21',11,5),(27,'2018-09-21',16,6),(28,'2018-09-21',6,7),(29,'2018-09-24',31,1),(30,'2018-09-24',6,2),(31,'2018-09-24',30,3),(32,'2018-09-24',22,4),(33,'2018-09-24',6,5),(34,'2018-09-24',17,6),(35,'2018-09-24',9,7),(36,'2018-09-25',43,1),(37,'2018-09-25',6,2),(38,'2018-09-25',34,3),(39,'2018-09-25',22,4),(40,'2018-09-25',8,5),(41,'2018-09-25',13,6),(42,'2018-09-25',3,7),(43,'2018-09-26',38,1),(44,'2018-09-26',7,2),(45,'2018-09-26',31,3),(46,'2018-09-26',11,4),(47,'2018-09-26',9,5),(48,'2018-09-26',15,6),(49,'2018-09-26',4,7),(50,'2018-09-27',29,1),(51,'2018-09-27',7,2),(52,'2018-09-27',18,3),(53,'2018-09-27',10,4),(54,'2018-09-27',5,5),(55,'2018-09-27',13,6),(56,'2018-09-27',2,7),(57,'2018-09-28',26,1),(58,'2018-09-28',5,2),(59,'2018-09-28',22,3),(60,'2018-09-28',10,4),(61,'2018-09-28',5,5),(62,'2018-09-28',16,6),(63,'2018-09-28',2,7),(64,'2018-10-03',36,1),(65,'2018-10-03',14,2),(66,'2018-10-03',22,3),(67,'2018-10-03',8,4),(68,'2018-10-03',4,5),(69,'2018-10-03',10,6),(70,'2018-10-03',2,7),(71,'2018-10-04',44,1),(72,'2018-10-04',14,2),(73,'2018-10-04',27,3),(74,'2018-10-04',8,4),(75,'2018-10-04',3,5),(76,'2018-10-04',13,6),(77,'2018-10-04',5,7),(78,'2018-10-05',35,1),(79,'2018-10-05',8,2),(80,'2018-10-05',19,3),(81,'2018-10-05',9,4),(82,'2018-10-05',2,5),(83,'2018-10-05',12,6),(84,'2018-10-05',3,7),(85,'2018-10-08',25,1),(86,'2018-10-08',11,2),(87,'2018-10-08',25,3),(88,'2018-10-08',10,4),(89,'2018-10-08',2,5),(90,'2018-10-08',16,6),(91,'2018-10-08',4,7),(92,'2018-10-09',25,1),(93,'2018-10-09',15,2),(94,'2018-10-09',26,3),(95,'2018-10-09',4,4),(96,'2018-10-09',2,5),(97,'2018-10-09',17,6),(98,'2018-10-09',5,7),(99,'2018-10-10',22,1),(100,'2018-10-10',6,2),(101,'2018-10-10',26,3),(102,'2018-10-10',9,4),(103,'2018-10-10',3,5),(104,'2018-10-10',8,6),(105,'2018-10-10',6,7),(106,'2018-10-11',19,1),(107,'2018-10-11',9,2),(108,'2018-10-11',20,3),(109,'2018-10-11',17,4),(110,'2018-10-11',2,5),(111,'2018-10-11',3,6),(112,'2018-10-11',3,7),(113,'2018-10-12',23,1),(114,'2018-10-12',9,2),(115,'2018-10-12',19,3),(116,'2018-10-12',15,4),(117,'2018-10-12',2,5),(118,'2018-10-12',5,6),(119,'2018-10-12',4,7),(120,'2018-10-15',20,1),(121,'2018-10-15',5,2),(122,'2018-10-15',18,3),(123,'2018-10-15',13,4),(124,'2018-10-15',2,5),(125,'2018-10-15',4,6),(126,'2018-10-15',3,7),(127,'2018-10-16',29,1),(128,'2018-10-16',5,2),(129,'2018-10-16',14,3),(130,'2018-10-16',18,4),(131,'2018-10-16',3,5),(132,'2018-10-16',2,6),(133,'2018-10-16',2,7),(134,'2018-10-17',32,1),(135,'2018-10-17',7,2),(136,'2018-10-17',20,3),(137,'2018-10-17',14,4),(138,'2018-10-17',4,5),(139,'2018-10-17',2,6),(140,'2018-10-17',1,7),(141,'2018-10-18',37,1),(142,'2018-10-18',9,2),(143,'2018-10-18',26,3),(144,'2018-10-18',10,4),(145,'2018-10-18',2,5),(146,'2018-10-18',3,6),(147,'2018-10-18',2,7),(148,'2018-10-19',43,1),(149,'2018-10-19',10,2),(150,'2018-10-19',34,3),(151,'2018-10-19',17,4),(152,'2018-10-19',5,5),(153,'2018-10-19',4,6),(154,'2018-10-19',1,7),(155,'2018-10-22',43,1),(156,'2018-10-22',12,2),(157,'2018-10-22',36,3),(158,'2018-10-22',14,4),(159,'2018-10-22',2,5),(160,'2018-10-22',8,6),(161,'2018-10-22',4,7),(162,'2018-10-23',40,1),(163,'2018-10-23',15,2),(164,'2018-10-23',30,3),(165,'2018-10-23',15,4),(166,'2018-10-23',2,5),(167,'2018-10-23',8,6),(168,'2018-10-23',2,7),(169,'2018-10-24',35,1),(170,'2018-10-24',13,2),(171,'2018-10-24',31,3),(172,'2018-10-24',10,4),(173,'2018-10-24',2,5),(174,'2018-10-24',10,6),(175,'2018-10-24',2,7),(176,'2018-10-25',30,1),(177,'2018-10-25',10,2),(178,'2018-10-25',38,3),(179,'2018-10-25',18,4),(180,'2018-10-25',10,6),(181,'2018-10-25',4,7),(182,'2018-10-26',39,1),(183,'2018-10-26',17,2),(184,'2018-10-26',39,3),(185,'2018-10-26',14,4),(186,'2018-10-26',1,5),(187,'2018-10-26',12,6),(188,'2018-10-26',5,7),(189,'2018-10-29',45,1),(190,'2018-10-29',14,2),(191,'2018-10-29',34,3),(192,'2018-10-29',9,4),(193,'2018-10-29',1,5),(194,'2018-10-29',11,6),(195,'2018-10-29',7,7),(196,'2018-10-30',48,1),(197,'2018-10-30',18,2),(198,'2018-10-30',42,3),(199,'2018-10-30',5,4),(200,'2018-10-30',2,5),(201,'2018-10-30',10,6),(202,'2018-10-30',7,7),(203,'2018-10-31',39,1),(204,'2018-10-31',19,2),(205,'2018-10-31',46,3),(206,'2018-10-31',9,4),(207,'2018-10-31',8,6),(208,'2018-10-31',9,7),(209,'2018-11-01',29,1),(210,'2018-11-01',9,2),(211,'2018-11-01',28,3),(212,'2018-11-01',6,4),(213,'2018-11-01',7,6),(214,'2018-11-01',2,7),(215,'2018-11-02',23,1),(216,'2018-11-02',9,2),(217,'2018-11-02',26,3),(218,'2018-11-02',3,4),(219,'2018-11-02',7,6),(220,'2018-11-02',2,7),(221,'2018-11-05',30,1),(222,'2018-11-05',8,2),(223,'2018-11-05',29,3),(224,'2018-11-05',1,4),(225,'2018-11-05',1,5),(226,'2018-11-05',7,6),(227,'2018-11-05',2,7),(228,'2018-11-06',24,1),(229,'2018-11-06',10,2),(230,'2018-11-06',29,3),(231,'2018-11-06',7,4),(232,'2018-11-06',10,6),(233,'2018-11-06',2,7),(234,'2018-11-07',33,1),(235,'2018-11-07',9,2),(236,'2018-11-07',29,3),(237,'2018-11-07',7,4),(238,'2018-11-07',3,5),(239,'2018-11-07',10,6),(240,'2018-11-07',4,7),(241,'2018-11-08',31,1),(242,'2018-11-08',12,2),(243,'2018-11-08',33,3),(244,'2018-11-08',9,4),(245,'2018-11-08',2,5),(246,'2018-11-08',13,6),(247,'2018-11-08',1,7),(248,'2018-11-09',32,1),(249,'2018-11-09',15,2),(250,'2018-11-09',32,3),(251,'2018-11-09',10,4),(252,'2018-11-09',1,5),(253,'2018-11-09',13,6),(254,'2018-11-09',2,7);
/*!40000 ALTER TABLE `historico` ENABLE KEYS */;
UNLOCK TABLES;

--
-- Table structure for table `total_por_data`
--

DROP TABLE IF EXISTS `total_por_data`;
/*!40101 SET @saved_cs_client     = @@character_set_client */;
 SET character_set_client = utf8mb4 ;
CREATE TABLE `total_por_data` (
  `id` bigint(20) NOT NULL AUTO_INCREMENT,
  `data` date DEFAULT NULL,
  `qtd` int(11) NOT NULL,
  `status` varchar(255) DEFAULT NULL,
  PRIMARY KEY (`id`)
) ENGINE=MyISAM AUTO_INCREMENT=38 DEFAULT CHARSET=utf8mb4 COLLATE=utf8mb4_0900_ai_ci;
/*!40101 SET character_set_client = @saved_cs_client */;

--
-- Dumping data for table `total_por_data`
--

LOCK TABLES `total_por_data` WRITE;
/*!40000 ALTER TABLE `total_por_data` DISABLE KEYS */;
INSERT INTO `total_por_data` VALUES (1,'2018-09-17',102,'DEU_RUIM'),(2,'2018-09-18',71,'DEU_RUIM'),(3,'2018-09-20',79,'DEU_RUIM'),(4,'2018-09-21',89,'DEU_RUIM'),(5,'2018-09-24',95,'DEU_RUIM'),(6,'2018-09-25',113,'DEU_RUIM'),(7,'2018-09-26',96,'DEU_RUIM'),(8,'2018-09-27',69,'DEU_RUIM'),(9,'2018-09-28',68,'DEU_RUIM'),(10,'2018-10-03',84,'DEU_RUIM'),(11,'2018-10-04',96,'DEU_RUIM'),(12,'2018-10-05',73,'DEU_RUIM'),(13,'2018-10-08',73,'DEU_RUIM'),(14,'2018-10-09',72,'DEU_RUIM'),(15,'2018-10-10',66,'DEU_RUIM'),(16,'2018-10-11',67,'DEU_RUIM'),(17,'2018-10-12',68,'DEU_RUIM'),(18,'2018-10-15',58,'DEU_RUIM'),(19,'2018-10-16',69,'DEU_RUIM'),(20,'2018-10-17',77,'DEU_RUIM'),(21,'2018-10-18',84,'DEU_RUIM'),(22,'2018-10-19',109,'DEU_RUIM'),(23,'2018-10-22',107,'DEU_RUIM'),(24,'2018-10-23',102,'DEU_RUIM'),(25,'2018-10-24',91,'DEU_RUIM'),(26,'2018-10-25',96,'DEU_RUIM'),(27,'2018-10-26',110,'DEU_RUIM'),(28,'2018-10-29',103,'DEU_RUIM'),(29,'2018-10-30',115,'DEU_RUIM'),(30,'2018-10-31',113,'DEU_RUIM'),(31,'2018-11-01',72,'DEU_RUIM'),(32,'2018-11-02',61,'DEU_RUIM'),(33,'2018-11-05',69,'DEU_RUIM'),(34,'2018-11-06',70,'DEU_RUIM'),(35,'2018-11-07',81,'DEU_RUIM'),(36,'2018-11-08',87,'DEU_RUIM'),(37,'2018-11-09',90,'DEU_RUIM');
/*!40000 ALTER TABLE `total_por_data` ENABLE KEYS */;
UNLOCK TABLES;
/*!40103 SET TIME_ZONE=@OLD_TIME_ZONE */;

/*!40101 SET SQL_MODE=@OLD_SQL_MODE */;
/*!40014 SET FOREIGN_KEY_CHECKS=@OLD_FOREIGN_KEY_CHECKS */;
/*!40014 SET UNIQUE_CHECKS=@OLD_UNIQUE_CHECKS */;
/*!40101 SET CHARACTER_SET_CLIENT=@OLD_CHARACTER_SET_CLIENT */;
/*!40101 SET CHARACTER_SET_RESULTS=@OLD_CHARACTER_SET_RESULTS */;
/*!40101 SET COLLATION_CONNECTION=@OLD_COLLATION_CONNECTION */;
/*!40111 SET SQL_NOTES=@OLD_SQL_NOTES */;

-- Dump completed on 2018-12-14 17:53:02
